{"cameraMode":{"drawMode":0,"name":"Shaded","section":"Shading Mode"},"sceneLighting":true,"audioPlay":false,"sceneViewState":{"m_AlwaysRefresh":false,"showFog":true,"showSkybox":true,"showFlares":true,"showImageEffects":true,"showParticleSystems":true,"showVisualEffectGraphs":true,"m_FxEnabled":true},"in2DMode":false,"pivot":{"x":-17.922256469726564,"y":1.6842803955078126,"z":13.621140480041504},"rotation":{"x":0.3385939598083496,"y":-0.5046644806861877,"z":0.22434426844120027,"w":0.7619485855102539},"size":25.25223159790039,"orthographic":false}